seq,bp,MC,Prob,Aki/Adhya,sites
G,1,,0,,
A,2,,0,,
T,3,,0,,
T,4,,0,,
C,5,,0,,
C,6,,0,,
a,7,,0,,
c,8,,0,,
t,9,,0,,
a,10,,0,,
a,11,,0,,
t,12,,0,,
t,13,19.90846682,1.6860466,,
t,14,6.864988558,0.5813954,,
a,15,6.636155606,0.5620155,,
t,16,1.372997712,0.1162791,,
t,17,1.601830664,0.1356589,,
c,18,8.466819222,0.7170543,,
c,19,12.12814645,1.0271318,,
a,20,8.23798627,0.6976744,,
t,21,19.90846682,1.6860466,,
g,22,26.08695652,2.2093024,,
t,23,23.3409611,1.9767442,,
c,24,15.33180778,1.2984496,,
a,25,12.12814645,1.0271318,,
c,26,4.347826087,0.3682171,,
a,27,1.372997712,0.1162791,,
c,28,1.372997712,0.1162791,,
t,29,2.745995423,0.2325581,,
t,30,9.839816934,0.8333334,,
t,31,12.58581236,1.0658915,,
t,32,22.65446224,1.9186047,,
c,33,32.03661327,2.7131784,,
g,34,23.11212815,1.9573644,,
c,35,13.95881007,1.1821706,,
a,36,4.347826087,0.3682171,,
t,37,2.517162471,0.2131783,,
c,38,0.915331808,0.0775194,,
t,39,1.601830664,0.1356589,,
t,40,0.915331808,0.0775194,,
t,41,2.974828375,0.251938,,
g,42,11.67048055,0.9883721,,
t,43,27.68878719,2.3449613,,
t,44,35.6979405,3.0232559,,
a,45,21.73913043,1.8410853,,
t,46,5.720823799,0.4844961,,
g,47,2.517162471,0.2131783,,-14
c,48,8.009153318,0.6782946,,-13
t,49,6.636155606,0.5620155,30,-12
a,50,0.686498856,0.0581395,,-11
t,51,0.457665904,0.0387597,30,-10
g,52,3.203661327,0.2713178,,-9
g,53,28.83295195,2.4418605,,-8
t,54,48.28375286,4.0891474,30,-7
t,55,54.69107551,4.6317831,,-6
a,56,25.40045767,2.1511628,50,-5
t,57,8.695652174,0.7364341,50,-4
t,58,1.372997712,0.1162791,50,-3
t,59,2.517162471,0.2131783,50,-2
c,60,6.407322654,0.5426357,50,-1
a,61,3.203661327,0.2713178,,1
t,62,2.517162471,0.2131783,,2
a,63,4.118993135,0.3488372,,3
c,64,12.58581236,1.0658915,,4
c,65,100,8.4689925,,5
a,66,84.43935927,7.151163,50,6
t,67,8.695652174,0.7364341,100,7
a,68,0.915331808,0.0775194,,8
a,69,0.457665904,0.0387597,30,9
g,70,1.372997712,0.1162791,,10
c,71,1.830663616,0.1550388,,11
c,72,2.059496568,0.1744186,,12
t,73,3.432494279,0.2906977,50,13
a,74,3.890160183,0.3294574,,14
a,75,9.38215103,0.7945737,,15
t,76,23.3409611,1.9767442,,16
g,77,28.60411899,2.4224807,50,17
g,78,14.41647597,1.2209303,50,18
a,79,10.29748284,0.872093,,19
g,80,5.034324943,0.4263566,,20
c,81,0.915331808,0.0775194,,21
g,82,1.372997712,0.1162791,,22
a,83,3.432494279,0.2906977,50,23
a,84,4.347826087,0.3682171,,24
t,85,10.52631579,0.8914729,,25
t,86,19.22196796,1.627907,,26
a,87,25.17162471,2.131783,30,27
t,88,20.36613272,1.7248062,30,28
g,89,18.76430206,1.5891473,,29
a,90,19.45080092,1.6472869,,30
g,91,7.780320366,0.6589147,,31
a,92,1.372997712,0.1162791,,32
g,93,1.830663616,0.1550388,,33
t,94,4.347826087,0.3682171,30,34
t,95,5.720823799,0.4844961,,35
c,96,10.75514874,0.9108527,30,36
t,97,19.22196796,1.627907,,37
g,98,35.92677346,3.0426357,30,38
g,99,22.42562929,1.8992249,30,39
t,100,11.8993135,1.007752,,40
t,101,15.78947368,1.3372093,,
a,102,0,0,,
c,103,0,0,,
c,104,0,0,,
g,105,0,0,,
g,106,0,0,,
t,107,0,0,,
G,108,0,0,,
G,109,0,0,,
T,110,0,0,,
A,111,0,0,,
G,112,0,0,,
C,113,0,0,,
