N(bp),1,2,3,4,5,6,7,8,9,10,11,12,13,14,15,16,17,18,19,20,21,22,23,24,25,26,27,28,29,30,31,32,33,34,35,36,37,38,39,40,41,42,43,44,45,46,47,48,49,50,51,52,53,54,55,56,57,58,59,60,61,62,63,64,65,66,67,68,69,70,71,72,73,74,75,76,77,78,79,80,81,82,83,84,85,86,87,88,89,90,91,92,93,94,95,96,97,98,99,100,101,102,103,104,105,106,107,108,109,110,111,112,113,114,115,116,117,118,119,120,121,122,123,124,125,126,127,128,129,130,131,132,133,134,135,136,137,138,139,140,141,142,143,144,145,146,147,148,149
80,0,0,0,0,0,0,0,0,0,0,0,0,0,0,0,0,0,0,0,0,0,0,0,0,0.001937984,0,0,0,0,0,0.003875969,0,0,0,0.135658915,0.333333333,0.011627907,0,0,0.005813953,0.015503876,0.005813953,0,0,0.011627907,0.333333333,0.135658915,0,0,0,0.003875969,0,0,0,0,0,0.001937984,0,0,0,0,0,0,0,0,0,0,0,0,0,0,0,0,0,0,0,0,0,0,0,,,,,,,,,,,,,,,,,,,,,,,,,,,,,,,,,,,,,,,,,,,,,,,,,,,,,,,,,,,,,,,,,,,,,
81,0,0,0,0,0,0,0,0,0,0,0,0,0,0,0,0,0,0,0,0,0,0,0,0,0,0,0,0,0,0,0.009259259,0.013888889,0,0,0,0.027777778,0,0,0,0,0.449074074,0.449074074,0,0,0,0,0.027777778,0,0,0,0.013888889,0.009259259,0,0,0,0,0,0,0,0,0,0,0,0,0,0,0,0,0,0,0,0,0,0,0,0,0,0,0,0,0,,,,,,,,,,,,,,,,,,,,,,,,,,,,,,,,,,,,,,,,,,,,,,,,,,,,,,,,,,,,,,,,,,,,
82,0,0,0,0,0,0,0,0,0,0,0,0,0,0,0,0,0,0,0,0,0,0,0,0,0,0,0,0,0,0,0.002681992,0.015708812,0.00210728,0,0,0,0,0,0,0.000191571,0.082950192,0.792720307,0.082950192,0.000191571,0,0,0,0,0,0,0.00210728,0.015708812,0.002681992,0,0,0,0,0,0,0,0,0,0,0,0,0,0,0,0,0,0,0,0,0,0,0,0,0,0,0,0,0,,,,,,,,,,,,,,,,,,,,,,,,,,,,,,,,,,,,,,,,,,,,,,,,,,,,,,,,,,,,,,,,,,,
83,0,0,0,0,0,0,0,0,0,0,0,0,0,0,0,0,0,0,0,0,0,0,0,0,0,0,0,0,0,0,0.000860374,0.019501803,0.012741724,0.000204851,0,0,0,0,0,0,0.005981645,0.460709603,0.460709603,0.005981645,0,0,0,0,0,0,0.000204851,0.012741724,0.019501803,0.000860374,0,0,0,0,0,0,0,0,0,0,0,0,0,0,0,0,0,0,0,0,0,0,0,0,0,0,0,0,0,,,,,,,,,,,,,,,,,,,,,,,,,,,,,,,,,,,,,,,,,,,,,,,,,,,,,,,,,,,,,,,,,,
84,0,0,0,0,0,0,0,0,0,0,0,0,0,0,0,0,0,0,0,0,0,0,1.04E-05,0,0,0,0,0,0,0,9.36E-05,0.007285981,0.029889514,0.002736144,0,0,0,0,0,0,0.000156054,0.091652159,0.736352224,0.091652159,0.000156054,0,0,0,0,0,0,0.002736144,0.029889514,0.007285981,9.36E-05,0,0,0,0,0,0,0,1.04E-05,0,0,0,0,0,0,0,0,0,0,0,0,0,0,0,0,0,0,0,0,0,,,,,,,,,,,,,,,,,,,,,,,,,,,,,,,,,,,,,,,,,,,,,,,,,,,,,,,,,,,,,,,,,
85,0,0,0,0,0,0,0,0,0,0,0,0,0,0,0,0,0,0,0,0,0,0,1.28E-05,3.83E-06,1.28E-06,0,0,0,0,0,2.55E-06,0.001919315,0.031229356,0.016171981,0.000360908,0,0,0,0,0,5.10E-06,0.008495997,0.441796938,0.441796938,0.008495997,5.10E-06,0,0,0,0,0,0.000360908,0.016171981,0.031229356,0.001919315,2.55E-06,0,0,0,0,0,1.28E-06,3.83E-06,1.28E-05,0,0,0,0,0,0,0,0,0,0,0,0,0,0,0,0,0,0,0,0,0,,,,,,,,,,,,,,,,,,,,,,,,,,,,,,,,,,,,,,,,,,,,,,,,,,,,,,,,,,,,,,,,
86,0,0,0,0,0,0,0,0,0,0,0,0,0,0,0,0,0,0,0,0,0,0,9.34E-06,2.29E-05,2.55E-06,0,0,0,0,0,8.49E-07,0.000270942,0.016060345,0.035834893,0.002913268,1.53E-05,0,0,0,0,0,0.000323602,0.101985609,0.68512076,0.101985609,0.000323602,0,0,0,0,0,1.53E-05,0.002913268,0.035834893,0.016060345,0.000270942,8.49E-07,0,0,0,0,0,2.55E-06,2.29E-05,9.34E-06,0,0,0,0,0,0,0,0,0,0,0,0,0,0,0,0,0,0,0,0,0,,,,,,,,,,,,,,,,,,,,,,,,,,,,,,,,,,,,,,,,,,,,,,,,,,,,,,,,,,,,,,,
87,0,0,0,0,0,0,0,0,0,0,0,0,0,0,0,0,0,0,0,0,0,0,3.43E-06,1.60E-05,4.57E-06,0,0,0,0,0,0,3.08E-05,0.004438353,0.041152418,0.015309234,0.000248986,0,0,0,0,0,7.99E-06,0.011035349,0.427752841,0.427752841,0.011035349,7.99E-06,0,0,0,0,0,0.000248986,0.015309234,0.041152418,0.004438353,3.08E-05,0,0,0,0,0,0,4.57E-06,1.60E-05,3.43E-06,0,0,0,0,0,0,0,0,0,0,0,0,0,0,0,0,0,0,0,0,0,,,,,,,,,,,,,,,,,,,,,,,,,,,,,,,,,,,,,,,,,,,,,,,,,,,,,,,,,,,,,,
88,0,0,0,0,0,0,0,0,0,0,0,0,0,0,0,0,0,0,0,0,0,0,0,1.58E-05,1.32E-05,0,0,0,0,0,0,0,0.00050252,0.023097526,0.037875838,0.002341588,1.58E-05,0,0,0,0,0,0.000465687,0.103569211,0.664205807,0.103569211,0.000465687,0,0,0,0,0,1.58E-05,0.002341588,0.037875838,0.023097526,0.00050252,0,0,0,0,0,0,0,1.32E-05,1.58E-05,0,0,0,0,0,0,0,0,0,0,0,0,0,0,0,0,0,0,0,0,0,0,,,,,,,,,,,,,,,,,,,,,,,,,,,,,,,,,,,,,,,,,,,,,,,,,,,,,,,,,,,,,
89,0,0,0,0,0,0,0,0,0,0,0,0,0,0,0,0,0,0,0,0,0,0,0,2.27E-05,1.14E-05,0,0,0,0,0,0,0,1.14E-05,0.005452067,0.04798955,0.013834621,0.000283962,0,0,0,0,0,0,0.01175602,0.420638346,0.420638346,0.01175602,0,0,0,0,0,0,0.000283962,0.013834621,0.04798955,0.005452067,1.14E-05,0,0,0,0,0,0,0,1.14E-05,2.27E-05,0,0,0,0,0,0,0,0,0,0,0,0,0,0,0,0,0,0,0,0,0,0,,,,,,,,,,,,,,,,,,,,,,,,,,,,,,,,,,,,,,,,,,,,,,,,,,,,,,,,,,,,
90,0,0,0,0,0,0,0,0,0,0,0,0,0,0,0,0,0,0,0,0,0,0,0,0,0,0,7.38E-05,0,0,0,0,0,0,0.000664207,0.023468635,0.035498155,0.001402214,0,0,0,0.000221402,0.000147601,0,0.000516605,0.104797048,0.666420664,0.104797048,0.000516605,0,0.000147601,0.000221402,0,0,0,0.001402214,0.035498155,0.023468635,0.000664207,0,0,0,0,0,0,7.38E-05,0,0,0,0,0,0,0,0,0,0,0,0,0,0,0,0,0,0,0,0,0,0,0,0,0,,,,,,,,,,,,,,,,,,,,,,,,,,,,,,,,,,,,,,,,,,,,,,,,,,,,,,,,,,,
91,0,0,0,0,0,0,0,0,0,0,0,0,0,0,0,0,0,0,0,0,0,0,0,0,0,0,0,0,0,0,0,0,0,0,0.00400641,0.040865385,0.010416667,0,0,0.000801282,0.037660256,0.028846154,0.000801282,0,0.012820513,0.363782051,0.363782051,0.012820513,0,0.000801282,0.028846154,0.037660256,0.000801282,0,0,0.010416667,0.040865385,0.00400641,0,0,0,0,0,0,0,0,0,0,0,0,0,0,0,0,0,0,0,0,0,0,0,0,0,0,0,0,0,0,0,0,0,,,,,,,,,,,,,,,,,,,,,,,,,,,,,,,,,,,,,,,,,,,,,,,,,,,,,,,,,,
92,0,0,0,0,0,0,0,0,0,0,0,0,0,0,0,0,0,0,0,0,0,0,0,0,0,0,0,0,0,0,0,0.001287554,0.000429185,0,0,0.001287554,0.000858369,0,0,0.000858369,0.068240343,0.350643777,0.052360515,0,0,0.001287554,0.045493562,0.001287554,0,0,0.052360515,0.350643777,0.068240343,0.000858369,0,0,0.000858369,0.001287554,0,0,0.000429185,0.001287554,0,0,0,0,0,0,0,0,0,0,0,0,0,0,0,0,0,0,0,0,0,0,0,0,0,0,0,0,0,0,,,,,,,,,,,,,,,,,,,,,,,,,,,,,,,,,,,,,,,,,,,,,,,,,,,,,,,,,
93,0,0,0,0,0,0,0,0,0,0,0,0,0,0,0,0,0,0,0,0,0,0,0,0,0,0,0,0,0,0,0.000200924,0.000502311,0.000351617,0.000200924,0,0,0,0,0,5.02E-05,0.01039783,0.283956199,0.201125176,0.003164557,0,0,5.02E-05,5.02E-05,0,0,0.003164557,0.201125176,0.283956199,0.01039783,5.02E-05,0,0,0,0,0,0.000200924,0.000351617,0.000502311,0.000200924,0,0,0,0,0,0,0,0,0,0,0,0,0,0,0,0,0,0,0,0,0,0,0,0,0,0,0,0,0,,,,,,,,,,,,,,,,,,,,,,,,,,,,,,,,,,,,,,,,,,,,,,,,,,,,,,,,
94,0,0,0,0,0,0,0,0,0,0,0,0,0,0,0,0,0,0,0,0,0,0,0,0,0,0,0,0,0,0,3.46E-05,0.0005016,0.000959958,0.000216207,8.65E-06,0,0,0,0,0,0.000795641,0.089068581,0.363417798,0.044685635,0.000285393,0,0,5.19E-05,0,0,0.000285393,0.044685635,0.363417798,0.089068581,0.000795641,0,0,0,0,0,8.65E-06,0.000216207,0.000959958,0.0005016,3.46E-05,0,0,0,0,0,0,0,0,0,0,0,0,0,0,0,0,0,0,0,0,0,0,0,0,0,0,0,0,0,,,,,,,,,,,,,,,,,,,,,,,,,,,,,,,,,,,,,,,,,,,,,,,,,,,,,,,
95,0,0,0,0,0,0,0,0,0,0,0,0,0,0,0,0,0,0,0,0,0,0,0,5.15E-06,0,0,0,0,0,0,0,0.000311283,0.001772511,0.000846381,3.60E-05,2.57E-06,0,0,0,0,3.09E-05,0.0155024,0.282655114,0.193944648,0.004887912,5.15E-06,0,0,0,0,5.15E-06,0.004887912,0.193944648,0.282655114,0.0155024,3.09E-05,0,0,0,0,2.57E-06,3.60E-05,0.000846381,0.001772511,0.000311283,0,0,0,0,0,0,0,5.15E-06,0,0,0,0,0,0,0,0,0,0,0,0,0,0,0,0,0,0,0,0,0,0,,,,,,,,,,,,,,,,,,,,,,,,,,,,,,,,,,,,,,,,,,,,,,,,,,,,,,
96,0,0,0,0,0,0,0,0,0,0,0,0,0,0,0,0,0,0,0,0,0,0,0,9.13E-06,1.30E-06,1.30E-06,0,0,0,0,0,4.30E-05,0.001515092,0.002422583,0.000362475,2.61E-06,0,0,0,0,0,0.001448595,0.105194602,0.343482626,0.045275442,0.000241215,0,0,0,0,0,0.000241215,0.045275442,0.343482626,0.105194602,0.001448595,0,0,0,0,0,2.61E-06,0.000362475,0.002422583,0.001515092,4.30E-05,0,0,0,0,0,1.30E-06,1.30E-06,9.13E-06,0,0,0,0,0,0,0,0,0,0,0,0,0,0,0,0,0,0,0,0,0,0,,,,,,,,,,,,,,,,,,,,,,,,,,,,,,,,,,,,,,,,,,,,,,,,,,,,,
97,0,0,0,0,0,0,0,0,0,0,0,0,0,0,0,0,0,0,0,0,0,0,0,5.75E-06,9.19E-06,0,0,0,0,0,0,1.03E-05,0.000548238,0.003185987,0.001372319,4.71E-05,0,0,0,0,0,7.93E-05,0.02028136,0.285574558,0.183840195,0.00504333,2.30E-06,0,0,0,0,2.30E-06,0.00504333,0.183840195,0.285574558,0.02028136,7.93E-05,0,0,0,0,0,4.71E-05,0.001372319,0.003185987,0.000548238,1.03E-05,0,0,0,0,0,0,9.19E-06,5.75E-06,0,0,0,0,0,0,0,0,0,0,0,0,0,0,0,0,0,0,0,0,0,0,,,,,,,,,,,,,,,,,,,,,,,,,,,,,,,,,,,,,,,,,,,,,,,,,,,,
98,0,0,0,0,0,0,0,0,0,0,0,0,0,0,0,0,0,0,0,0,0,0,0,5.13E-06,1.20E-05,0,0,0,0,0,0,0,0.000135055,0.002313026,0.003248152,0.000338492,0,0,0,0,0,1.71E-06,0.00233525,0.117065107,0.329721616,0.04450823,0.000316267,0,0,0,0,0,0.000316267,0.04450823,0.329721616,0.117065107,0.00233525,1.71E-06,0,0,0,0,0,0.000338492,0.003248152,0.002313026,0.000135055,0,0,0,0,0,0,0,1.20E-05,5.13E-06,0,0,0,0,0,0,0,0,0,0,0,0,0,0,0,0,0,0,0,0,0,0,,,,,,,,,,,,,,,,,,,,,,,,,,,,,,,,,,,,,,,,,,,,,,,,,,,
99,0,0,0,0,0,0,0,0,0,0,0,0,0,0,0,0,0,0,0,0,0,0,0,0,4.19E-06,0,0,0,0,0,0,0,1.26E-05,0.000850696,0.003712892,0.001441574,3.35E-05,0,0,0,0,0,0.000125719,0.023840455,0.288935079,0.175251856,0.00578725,4.19E-06,0,0,0,0,4.19E-06,0.00578725,0.175251856,0.288935079,0.023840455,0.000125719,0,0,0,0,0,3.35E-05,0.001441574,0.003712892,0.000850696,1.26E-05,0,0,0,0,0,0,0,4.19E-06,0,0,0,0,0,0,0,0,0,0,0,0,0,0,0,0,0,0,0,0,0,0,0,,,,,,,,,,,,,,,,,,,,,,,,,,,,,,,,,,,,,,,,,,,,,,,,,,
100,0,0,0,0,0,0,0,0,0,0,0,0,0,0,0,0,0,0,0,0,0,0,0,0,0,0,0,0,0,0,0,0,0,0.000212293,0.003462016,0.003282383,0.000244954,0,0,0,0,0,0,0.002220916,0.12223202,0.322653341,0.044989875,0.000457247,0,1.63E-05,0.000457247,1.63E-05,0,0.000457247,0.044989875,0.322653341,0.12223202,0.002220916,0,0,0,0,0,0,0.000244954,0.003282383,0.003462016,0.000212293,0,0,0,0,0,0,0,0,0,0,0,0,0,0,0,0,0,0,0,0,0,0,0,0,0,0,0,0,0,0,0,0,,,,,,,,,,,,,,,,,,,,,,,,,,,,,,,,,,,,,,,,,,,,,,,,,
101,0,0,0,0,0,0,0,0,0,0,0,0,0,0,0,0,0,0,0,0,0,0,0,0,0,0,0,0,0,0,0,0,0,0,0.001186348,0.005201679,0.00073006,0,0,0.000182515,0.00073006,9.13E-05,0,0,0.023088155,0.282259536,0.17612703,0.005566709,0,0.000273773,0.004562876,0.004562876,0.000273773,0,0.005566709,0.17612703,0.282259536,0.023088155,0,0,9.13E-05,0.00073006,0.000182515,0,0,0.00073006,0.005201679,0.001186348,0,0,0,0,0,0,0,0,0,0,0,0,0,0,0,0,0,0,0,0,0,0,0,0,0,0,0,0,0,0,0,0,0,,,,,,,,,,,,,,,,,,,,,,,,,,,,,,,,,,,,,,,,,,,,,,,,
102,0,0,0,0,0,0,0,0,0,0,0,0,0,0,0,0,0,0,0,0,0,0,0,0,0,0,0,0,0,0,0,0,0,0,0.000328084,0.000328084,0.002296588,0,0,0.000328084,0.003608924,0.01148294,0.00164042,0,0.000984252,0.05019685,0.160433071,0.027230971,0,0.000328084,0.052493438,0.37664042,0.052493438,0.000328084,0,0.027230971,0.160433071,0.05019685,0.000984252,0,0.00164042,0.01148294,0.003608924,0.000328084,0,0,0.002296588,0.000328084,0.000328084,0,0,0,0,0,0,0,0,0,0,0,0,0,0,0,0,0,0,0,0,0,0,0,0,0,0,0,0,0,0,0,0,0,,,,,,,,,,,,,,,,,,,,,,,,,,,,,,,,,,,,,,,,,,,,,,,
103,0,0,0,0,0,0,0,0,0,0,0,0,0,0,0,0,0,0,0,0,0,0,0,0,0,0,0,0,0,0,0,0,0,0,0,0,0,9.28E-05,0,0,0.003991831,0.038897141,0.018288154,0.000464166,0,0.0002785,0.00454883,0.003249165,0,9.28E-05,0.01503899,0.415057557,0.415057557,0.01503899,9.28E-05,0,0.003249165,0.00454883,0.0002785,0,0.000464166,0.018288154,0.038897141,0.003991831,0,0,9.28E-05,0,0,0,0,0,0,0,0,0,0,0,0,0,0,0,0,0,0,0,0,0,0,0,0,0,0,0,0,0,0,0,0,0,0,0,0,,,,,,,,,,,,,,,,,,,,,,,,,,,,,,,,,,,,,,,,,,,,,,
104,0,0,0,0,0,0,0,0,0,0,0,0,0,0,0,0,0,0,0,0,0,0,0,0,0,0,0,0,0,0,0,4.83E-05,4.83E-05,0,0,0,0,0,0,0,0.000466808,0.017738716,0.043944369,0.00499002,1.61E-05,0,0,8.05E-05,1.61E-05,0,0.001191166,0.124782693,0.613353937,0.124782693,0.001191166,0,1.61E-05,8.05E-05,0,0,1.61E-05,0.00499002,0.043944369,0.017738716,0.000466808,0,0,0,0,0,0,0,4.83E-05,4.83E-05,0,0,0,0,0,0,0,0,0,0,0,0,0,0,0,0,0,0,0,0,0,0,0,0,0,0,0,0,0,0,,,,,,,,,,,,,,,,,,,,,,,,,,,,,,,,,,,,,,,,,,,,,
105,0,0,0,0,0,0,0,0,0,0,0,0,0,0,0,0,0,0,0,0,0,0,4.77E-06,0,0,0,0,0,0,0,0,1.43E-05,0.000104953,8.59E-05,0,0,0,0,0,0,5.25E-05,0.006053869,0.047314639,0.026638934,0.000834852,0,0,0,0,0,6.20E-05,0.021667987,0.39716532,0.39716532,0.021667987,6.20E-05,0,0,0,0,0,0.000834852,0.026638934,0.047314639,0.006053869,5.25E-05,0,0,0,0,0,0,8.59E-05,0.000104953,1.43E-05,0,0,0,0,0,0,0,0,4.77E-06,0,0,0,0,0,0,0,0,0,0,0,0,0,0,0,0,0,0,0,0,0,,,,,,,,,,,,,,,,,,,,,,,,,,,,,,,,,,,,,,,,,,,,
106,0,0,0,0,0,0,0,0,0,0,0,0,0,0,0,0,0,0,0,0,0,0,0,0,0,2.02E-06,0,0,0,0,0,6.05E-06,9.88E-05,0.000203546,4.43E-05,0,0,0,0,0,4.03E-06,0.001259568,0.027029315,0.052551179,0.007760952,6.25E-05,0,0,0,0,2.02E-06,0.002438523,0.127933785,0.561206928,0.127933785,0.002438523,2.02E-06,0,0,0,0,6.25E-05,0.007760952,0.052551179,0.027029315,0.001259568,4.03E-06,0,0,0,0,0,4.43E-05,0.000203546,9.88E-05,6.05E-06,0,0,0,0,0,2.02E-06,0,0,0,0,0,0,0,0,0,0,0,0,0,0,0,0,0,0,0,0,0,0,0,0,,,,,,,,,,,,,,,,,,,,,,,,,,,,,,,,,,,,,,,,,,,
107,0,0,0,0,0,0,0,0,0,0,0,0,0,0,0,0,0,0,0,0,0,0,0,2.80E-06,0,0,0,0,0,0,0,1.40E-06,7.69E-05,0.000281075,0.000156619,8.39E-06,0,0,0,0,0,0.000142635,0.00947404,0.057603564,0.030754623,0.001138283,4.20E-06,0,0,0,0,0.000144033,0.022947454,0.377263981,0.377263981,0.022947454,0.000144033,0,0,0,0,4.20E-06,0.001138283,0.030754623,0.057603564,0.00947404,0.000142635,0,0,0,0,0,8.39E-06,0.000156619,0.000281075,7.69E-05,1.40E-06,0,0,0,0,0,0,0,2.80E-06,0,0,0,0,0,0,0,0,0,0,0,0,0,0,0,0,0,0,0,0,0,0,,,,,,,,,,,,,,,,,,,,,,,,,,,,,,,,,,,,,,,,,,
108,0,0,0,0,0,0,0,0,0,0,0,0,0,0,0,0,0,0,0,0,0,0,0,0,0,2.97E-06,0,0,0,0,0,0,2.38E-05,0.000247908,0.000286505,4.01E-05,1.48E-06,0,0,0,0,5.94E-06,0.001822943,0.033806091,0.058766159,0.008460059,7.13E-05,0,0,0,0,1.48E-06,0.002099056,0.128293322,0.532141988,0.128293322,0.002099056,1.48E-06,0,0,0,0,7.13E-05,0.008460059,0.058766159,0.033806091,0.001822943,5.94E-06,0,0,0,0,1.48E-06,4.01E-05,0.000286505,0.000247908,2.38E-05,0,0,0,0,0,0,2.97E-06,0,0,0,0,0,0,0,0,0,0,0,0,0,0,0,0,0,0,0,0,0,0,0,0,,,,,,,,,,,,,,,,,,,,,,,,,,,,,,,,,,,,,,,,,
109,0,0,0,0,0,0,0,0,0,0,0,0,0,0,0,0,0,0,0,0,0,0,0,0,0,2.48E-06,0,0,0,0,0,0,9.91E-06,0.000133722,0.000418501,0.00017582,2.48E-06,0,0,0,0,2.48E-06,0.000190678,0.011871567,0.062923763,0.031221677,0.001144068,0,0,2.48E-06,0,0,0.000111435,0.023634175,0.368154781,0.368154781,0.023634175,0.000111435,0,0,2.48E-06,0,0,0.001144068,0.031221677,0.062923763,0.011871567,0.000190678,2.48E-06,0,0,0,0,2.48E-06,0.00017582,0.000418501,0.000133722,9.91E-06,0,0,0,0,0,0,2.48E-06,0,0,0,0,0,0,0,0,0,0,0,0,0,0,0,0,0,0,0,0,0,0,0,0,,,,,,,,,,,,,,,,,,,,,,,,,,,,,,,,,,,,,,,,
110,0,0,0,0,0,0,0,0,0,0,0,0,0,0,0,0,0,0,0,0,0,0,0,0,0,5.99E-06,0,0,0,0,0,0,5.99E-06,2.39E-05,0.000263423,0.000347239,5.39E-05,0,0,0,0,0,4.19E-05,0.002029551,0.037441927,0.057048949,0.007764979,5.39E-05,0,0,1.80E-05,0,0,0.002406724,0.128179032,0.528629245,0.128179032,0.002406724,0,0,1.80E-05,0,0,5.39E-05,0.007764979,0.057048949,0.037441927,0.002029551,4.19E-05,0,0,0,0,0,5.39E-05,0.000347239,0.000263423,2.39E-05,5.99E-06,0,0,0,0,0,0,5.99E-06,0,0,0,0,0,0,0,0,0,0,0,0,0,0,0,0,0,0,0,0,0,0,0,0,,,,,,,,,,,,,,,,,,,,,,,,,,,,,,,,,,,,,,,
111,0,0,0,0,0,0,0,0,0,0,0,0,0,0,0,0,0,0,0,0,0,0,0,0,0,0,0,0,0,0,0,0,0,0,6.53E-05,0.00023937,0.000174087,0,0,0,0,0,0,0.00023937,0.012425469,0.065086826,0.029942986,0.001022762,0,6.53E-05,0.000761631,0.000500501,4.35E-05,6.53E-05,0.023066545,0.366301084,0.366301084,0.023066545,6.53E-05,4.35E-05,0.000500501,0.000761631,6.53E-05,0,0.001022762,0.029942986,0.065086826,0.012425469,0.00023937,0,0,0,0,0,0,0.000174087,0.00023937,6.53E-05,0,0,0,0,0,0,0,0,0,0,0,0,0,0,0,0,0,0,0,0,0,0,0,0,0,0,0,0,0,0,0,0,0,,,,,,,,,,,,,,,,,,,,,,,,,,,,,,,,,,,,,,
112,0,0,0,0,0,0,0,0,0,0,0,0,0,0,0,0,0,0,0,0,0,0,0,0,0,0,0,0,0,0,0,0,0,0,9.00E-05,0.00026993,0.000179953,0,0,0,0,0.000359906,0,0,0.001439626,0.027982724,0.050836782,0.007288105,0,0.000179953,0.009987403,0.028522584,0.004048947,9.00E-05,0.001709556,0.107612021,0.518805111,0.107612021,0.001709556,9.00E-05,0.004048947,0.028522584,0.009987403,0.000179953,0,0.007288105,0.050836782,0.027982724,0.001439626,0,0,0.000359906,0,0,0,0,0.000179953,0.00026993,9.00E-05,0,0,0,0,0,0,0,0,0,0,0,0,0,0,0,0,0,0,0,0,0,0,0,0,0,0,0,0,0,0,0,0,0,,,,,,,,,,,,,,,,,,,,,,,,,,,,,,,,,,,,,
113,0,0,0,0,0,0,0,0,0,0,0,0,0,0,0,0,0,0,0,0,0,0,0,0,0,0,0,0,0,0,0,0,0,0,0,0,0,0,0,0,0.000273075,0.002594211,0.00054615,0.000136537,0,0.002730748,0.012424904,0.007236483,0.000273075,0.00054615,0.015701802,0.212725287,0.152102676,0.007646095,0,0.004505735,0.080557073,0.080557073,0.004505735,0,0.007646095,0.152102676,0.212725287,0.015701802,0.00054615,0.000273075,0.007236483,0.012424904,0.002730748,0,0.000136537,0.00054615,0.002594211,0.000273075,0,0,0,0,0,0,0,0,0,0,0,0,0,0,0,0,0,0,0,0,0,0,0,0,0,0,0,0,0,0,0,0,0,0,0,0,0,0,0,,,,,,,,,,,,,,,,,,,,,,,,,,,,,,,,,,,,
114,0,0,0,0,0,0,0,0,0,0,0,0,0,0,0,0,0,0,0,0,0,0,0,0,0,0,0,0,0,0,0,0,0,0,0,0,0,0,0,0,0.000181964,0.002802242,0.003639275,0.000363928,0,7.28E-05,0.000218357,0.000618677,3.64E-05,0,0.002583885,0.116456802,0.307955455,0.05808283,0.000545891,0,0.000764248,0.011354538,0.000764248,0,0.000545891,0.05808283,0.307955455,0.116456802,0.002583885,0,3.64E-05,0.000618677,0.000218357,7.28E-05,0,0.000363928,0.003639275,0.002802242,0.000181964,0,0,0,0,0,0,0,0,0,0,0,0,0,0,0,0,0,0,0,0,0,0,0,0,0,0,0,0,0,0,0,0,0,0,0,0,0,0,0,,,,,,,,,,,,,,,,,,,,,,,,,,,,,,,,,,,
115,0,0,0,0,0,0,0,0,0,0,0,0,0,0,0,0,0,0,0,0,0,0,0,0,0,0,0,0,0,0,0,1.01E-05,1.01E-05,2.03E-05,0,0,0,0,0,0,2.03E-05,0.001530323,0.005472677,0.002645127,0.00013175,0,1.01E-05,3.04E-05,0,0,0.000456056,0.030018648,0.261806794,0.187682423,0.009921761,2.03E-05,1.01E-05,0.000202692,0.000202692,1.01E-05,2.03E-05,0.009921761,0.187682423,0.261806794,0.030018648,0.000456056,0,0,3.04E-05,1.01E-05,0,0.00013175,0.002645127,0.005472677,0.001530323,2.03E-05,0,0,0,0,0,0,2.03E-05,1.01E-05,1.01E-05,0,0,0,0,0,0,0,0,0,0,0,0,0,0,0,0,0,0,0,0,0,0,0,0,0,0,0,0,0,0,,,,,,,,,,,,,,,,,,,,,,,,,,,,,,,,,,
116,0,0,0,0,0,0,0,0,0,0,0,0,0,0,0,0,0,0,0,0,0,0,0,0,0,0,0,0,0,0,0,3.99E-06,1.60E-05,2.39E-05,3.99E-06,0,0,0,0,0,3.99E-06,0.000566238,0.005008414,0.006527686,0.001196277,1.99E-05,0,0,0,0,1.99E-05,0.004637568,0.119081419,0.303527423,0.058230786,0.001040761,3.99E-06,3.99E-06,0.000167479,3.99E-06,3.99E-06,0.001040761,0.058230786,0.303527423,0.119081419,0.004637568,1.99E-05,0,0,0,0,1.99E-05,0.001196277,0.006527686,0.005008414,0.000566238,3.99E-06,0,0,0,0,0,3.99E-06,2.39E-05,1.60E-05,3.99E-06,0,0,0,0,0,0,0,0,0,0,0,0,0,0,0,0,0,0,0,0,0,0,0,0,0,0,0,0,0,0,,,,,,,,,,,,,,,,,,,,,,,,,,,,,,,,,
117,0,0,0,0,0,0,0,0,0,0,0,0,0,0,0,0,0,0,0,0,0,0,0,0,0,0,0,0,0,0,0,4.51E-06,2.03E-05,5.18E-05,2.03E-05,2.25E-06,0,0,0,0,0,0.000126224,0.002585336,0.008511099,0.004057197,0.000232162,0,0,0,0,0,0.000455308,0.032225418,0.259347332,0.181728637,0.010584777,3.83E-05,2.25E-06,6.76E-06,6.76E-06,2.25E-06,3.83E-05,0.010584777,0.181728637,0.259347332,0.032225418,0.000455308,0,0,0,0,0,0.000232162,0.004057197,0.008511099,0.002585336,0.000126224,0,0,0,0,0,2.25E-06,2.03E-05,5.18E-05,2.03E-05,4.51E-06,0,0,0,0,0,0,0,0,0,0,0,0,0,0,0,0,0,0,0,0,0,0,0,0,0,0,0,0,0,0,,,,,,,,,,,,,,,,,,,,,,,,,,,,,,,,
118,0,0,0,0,0,0,0,0,0,0,0,0,0,0,0,0,0,0,0,0,0,0,0,1.88E-06,1.88E-06,1.88E-06,0,0,0,0,0,0,1.31E-05,2.81E-05,7.88E-05,1.50E-05,3.75E-06,0,0,0,0,1.31E-05,0.000844439,0.00727719,0.008814069,0.001398016,3.00E-05,0,0,0,0,2.63E-05,0.005042241,0.123404479,0.291673078,0.060268569,0.001043352,1.88E-06,0,3.75E-05,0,1.88E-06,0.001043352,0.060268569,0.291673078,0.123404479,0.005042241,2.63E-05,0,0,0,0,3.00E-05,0.001398016,0.008814069,0.00727719,0.000844439,1.31E-05,0,0,0,0,3.75E-06,1.50E-05,7.88E-05,2.81E-05,1.31E-05,0,0,0,0,0,0,1.88E-06,1.88E-06,1.88E-06,0,0,0,0,0,0,0,0,0,0,0,0,0,0,0,0,0,0,0,0,0,0,,,,,,,,,,,,,,,,,,,,,,,,,,,,,,,
119,0,0,0,0,0,0,0,0,0,0,0,0,0,0,0,0,0,0,0,0,0,0,0,0,0,0,0,0,0,0,0,0,4.59E-06,2.98E-05,9.64E-05,4.13E-05,0,0,0,0,0,4.59E-06,0.000211083,0.003776546,0.010611498,0.005008627,0.000261559,2.29E-06,0,2.29E-06,0,0,0.000465759,0.032931205,0.254005984,0.181051651,0.011442062,5.28E-05,0,0,0,0,5.28E-05,0.011442062,0.181051651,0.254005984,0.032931205,0.000465759,0,0,2.29E-06,0,2.29E-06,0.000261559,0.005008627,0.010611498,0.003776546,0.000211083,4.59E-06,0,0,0,0,0,4.13E-05,9.64E-05,2.98E-05,4.59E-06,0,0,0,0,0,0,0,0,0,0,0,0,0,0,0,0,0,0,0,0,0,0,0,0,0,0,0,0,0,0,0,,,,,,,,,,,,,,,,,,,,,,,,,,,,,,
120,0,0,0,0,0,0,0,0,0,0,0,0,0,0,0,0,0,0,0,0,0,0,0,0,0,4.04E-06,0,0,0,0,0,0,0,2.02E-05,4.44E-05,5.25E-05,8.07E-06,0,0,0,0,0,3.23E-05,0.001246843,0.008263863,0.009438073,0.001384036,2.02E-05,0,0,4.04E-06,0,1.61E-05,0.004898598,0.12428478,0.286729399,0.062309846,0.001113685,0,0,0.000258246,0,0,0.001113685,0.062309846,0.286729399,0.12428478,0.004898598,1.61E-05,0,4.04E-06,0,0,2.02E-05,0.001384036,0.009438073,0.008263863,0.001246843,3.23E-05,0,0,0,0,0,8.07E-06,5.25E-05,4.44E-05,2.02E-05,0,0,0,0,0,0,0,4.04E-06,0,0,0,0,0,0,0,0,0,0,0,0,0,0,0,0,0,0,0,0,0,0,0,0,,,,,,,,,,,,,,,,,,,,,,,,,,,,,
121,0,0,0,0,0,0,0,0,0,0,0,0,0,0,0,0,0,0,0,0,0,0,0,0,0,9.96E-06,0,0,0,0,0,0,9.96E-06,0,3.98E-05,1.99E-05,9.96E-06,0,0,0,0,0,0,0.000169343,0.003207555,0.010688529,0.004950791,0.000239072,0,0,4.98E-05,1.99E-05,0,0.000438299,0.03135833,0.256783679,0.180360202,0.011186596,4.98E-05,3.98E-05,0.00036857,0.00036857,3.98E-05,4.98E-05,0.011186596,0.180360202,0.256783679,0.03135833,0.000438299,0,1.99E-05,4.98E-05,0,0,0.000239072,0.004950791,0.010688529,0.003207555,0.000169343,0,0,0,0,0,0,9.96E-06,1.99E-05,3.98E-05,0,9.96E-06,0,0,0,0,0,0,9.96E-06,0,0,0,0,0,0,0,0,0,0,0,0,0,0,0,0,0,0,0,0,0,0,0,0,,,,,,,,,,,,,,,,,,,,,,,,,,,,
122,0,0,0,0,0,0,0,0,0,0,0,0,0,0,0,0,0,0,0,0,0,0,0,0,0,0,0,0,0,0,0,0,0,0,0,0,9.65E-05,0,0,0,0,0,0,0,0.000675458,0.008009006,0.008555806,0.001061435,3.22E-05,3.22E-05,0.00048247,0.000643294,3.22E-05,0,0.003988421,0.118880669,0.283210035,0.059568993,0.001093599,6.43E-05,0.003795433,0.019556127,0.003795433,6.43E-05,0.001093599,0.059568993,0.283210035,0.118880669,0.003988421,0,3.22E-05,0.000643294,0.00048247,3.22E-05,3.22E-05,0.001061435,0.008555806,0.008009006,0.000675458,0,0,0,0,0,0,0,9.65E-05,0,0,0,0,0,0,0,0,0,0,0,0,0,0,0,0,0,0,0,0,0,0,0,0,0,0,0,0,0,0,0,0,0,0,0,,,,,,,,,,,,,,,,,,,,,,,,,,,
123,0,0,0,0,0,0,0,0,0,0,0,0,0,0,0,0,0,0,0,0,0,0,0,0,0,0,0,0,0,0,0,0,0,0,0,0,0,0,0,0,9.84E-05,0.000196734,0,0,9.84E-05,0.001967342,0.005606925,0.002557545,0.000196734,0,0.003147747,0.017804446,0.009935078,0,0.000295101,0.020165257,0.176667322,0.13358253,0.007672634,0.000196734,0.008459571,0.111351564,0.111351564,0.008459571,0.000196734,0.007672634,0.13358253,0.176667322,0.020165257,0.000295101,0,0.009935078,0.017804446,0.003147747,0,0.000196734,0.002557545,0.005606925,0.001967342,9.84E-05,0,0,0.000196734,9.84E-05,0,0,0,0,0,0,0,0,0,0,0,0,0,0,0,0,0,0,0,0,0,0,0,0,0,0,0,0,0,0,0,0,0,0,0,0,0,0,0,,,,,,,,,,,,,,,,,,,,,,,,,,
124,0,0,0,0,0,0,0,0,0,0,0,0,0,0,0,0,0,0,0,0,0,0,0,0,0,0,0,0,0,0,0,0,0,0,0,0,0,0,0,0,0,0.000238067,0.00017855,0,0,0,0.0003571,0.000714201,0,0,0.002618736,0.028687061,0.046363528,0.009106059,0.000238067,0.0003571,0.008570408,0.025056541,0.005654089,0.00017855,0.002023569,0.121354601,0.496607547,0.121354601,0.002023569,0.00017855,0.005654089,0.025056541,0.008570408,0.0003571,0.000238067,0.009106059,0.046363528,0.028687061,0.002618736,0,0,0.000714201,0.0003571,0,0,0,0.00017855,0.000238067,0,0,0,0,0,0,0,0,0,0,0,0,0,0,0,0,0,0,0,0,0,0,0,0,0,0,0,0,0,0,0,0,0,0,0,0,0,0,0,0,,,,,,,,,,,,,,,,,,,,,,,,,
125,0,0,0,0,0,0,0,0,0,0,0,0,0,0,0,0,0,0,0,0,0,0,0,0,0,0,0,0,0,0,0,0,0,0,0,0,0,0,0,0,5.90E-05,0.000137627,0.00057017,0.000137627,1.97E-05,0,0,0,1.97E-05,0,0.000393221,0.014372223,0.063013645,0.033286147,0.001985765,1.97E-05,1.97E-05,0.001297629,0.001042035,5.90E-05,0.000294916,0.031025127,0.352247257,0.352247257,0.031025127,0.000294916,5.90E-05,0.001042035,0.001297629,1.97E-05,1.97E-05,0.001985765,0.033286147,0.063013645,0.014372223,0.000393221,0,1.97E-05,0,0,0,1.97E-05,0.000137627,0.00057017,0.000137627,5.90E-05,0,0,0,0,0,0,0,0,0,0,0,0,0,0,0,0,0,0,0,0,0,0,0,0,0,0,0,0,0,0,0,0,0,0,0,0,0,0,0,,,,,,,,,,,,,,,,,,,,,,,,
126,0,0,0,0,0,0,0,0,0,0,0,0,0,0,0,0,0,0,0,0,0,0,0,0,0,0,0,0,0,0,0,0,0,7.19E-06,0,0,0,0,0,0,7.19E-06,0.000193996,0.000689764,0.000876575,0.000229921,0,0,0,0,0,5.03E-05,0.003535041,0.043297073,0.064399546,0.012501976,0.000265847,0,3.59E-05,0.000150886,5.03E-05,3.59E-05,0.0041314,0.136451163,0.46618,0.136451163,0.0041314,3.59E-05,5.03E-05,0.000150886,3.59E-05,0,0.000265847,0.012501976,0.064399546,0.043297073,0.003535041,5.03E-05,0,0,0,0,0,0.000229921,0.000876575,0.000689764,0.000193996,7.19E-06,0,0,0,0,0,0,7.19E-06,0,0,0,0,0,0,0,0,0,0,0,0,0,0,0,0,0,0,0,0,0,0,0,0,0,0,0,0,0,0,0,0,,,,,,,,,,,,,,,,,,,,,,,
127,0,0,0,0,0,0,0,0,0,0,0,0,0,0,0,0,0,0,0,0,0,0,0,0,0,0,0,0,0,0,0,0,0,1.53E-05,1.91E-05,0,0,0,0,0,0,8.39E-05,0.000522598,0.001369435,0.00064085,4.96E-05,0,0,0,0,3.81E-06,0.000587445,0.018165034,0.074189783,0.042292258,0.002754127,3.05E-05,3.81E-06,2.67E-05,2.67E-05,0,0.000320425,0.033564497,0.325334157,0.325334157,0.033564497,0.000320425,0,2.67E-05,2.67E-05,3.81E-06,3.05E-05,0.002754127,0.042292258,0.074189783,0.018165034,0.000587445,3.81E-06,0,0,0,0,4.96E-05,0.00064085,0.001369435,0.000522598,8.39E-05,0,0,0,0,0,0,1.91E-05,1.53E-05,0,0,0,0,0,0,0,0,0,0,0,0,0,0,0,0,0,0,0,0,0,0,0,0,0,0,0,0,0,0,0,0,,,,,,,,,,,,,,,,,,,,,,
128,0,0,0,0,0,0,0,0,0,0,0,0,0,0,0,0,0,0,0,0,0,0,0,0,0,0,2.63E-06,0,0,0,0,0,0,7.89E-06,1.58E-05,5.26E-06,0,0,0,0,0,2.89E-05,0.000312842,0.001261883,0.001509001,0.000226087,5.26E-06,0,0,0,0,0.000102528,0.004571696,0.048451039,0.075555228,0.014672016,0.000286553,0,0,7.89E-06,5.26E-06,1.31E-05,0.004637419,0.131238433,0.434166526,0.131238433,0.004637419,1.31E-05,5.26E-06,7.89E-06,0,0,0.000286553,0.014672016,0.075555228,0.048451039,0.004571696,0.000102528,0,0,0,0,5.26E-06,0.000226087,0.001509001,0.001261883,0.000312842,2.89E-05,0,0,0,0,0,5.26E-06,1.58E-05,7.89E-06,0,0,0,0,0,0,2.63E-06,0,0,0,0,0,0,0,0,0,0,0,0,0,0,0,0,0,0,0,0,0,0,0,0,0,,,,,,,,,,,,,,,,,,,,,
129,0,0,0,0,0,0,0,0,0,0,0,0,0,0,0,0,0,0,0,0,0,0,0,0,0,0,0,0,0,0,0,0,5.25E-06,1.05E-05,2.62E-05,1.31E-05,0,0,0,0,0,5.25E-06,0.000107526,0.000852338,0.001896125,0.000715964,5.77E-05,0,0,0,0,7.87E-06,0.000807754,0.020088958,0.082044773,0.045971194,0.003133982,2.36E-05,0,1.84E-05,1.05E-05,5.25E-06,0.000424858,0.033075971,0.310696977,0.310696977,0.033075971,0.000424858,5.25E-06,1.05E-05,1.84E-05,0,2.36E-05,0.003133982,0.045971194,0.082044773,0.020088958,0.000807754,7.87E-06,0,0,0,0,5.77E-05,0.000715964,0.001896125,0.000852338,0.000107526,5.25E-06,0,0,0,0,0,1.31E-05,2.62E-05,1.05E-05,5.25E-06,0,0,0,0,0,0,0,0,0,0,0,0,0,0,0,0,0,0,0,0,0,0,0,0,0,0,0,0,0,0,0,,,,,,,,,,,,,,,,,,,,
130,0,0,0,0,0,0,0,0,0,0,0,0,0,0,0,0,0,0,0,0,0,0,0,0,0,0,0,0,0,0,0,3.53E-06,7.05E-06,1.06E-05,1.06E-05,1.76E-05,1.06E-05,0,0,0,0,0,5.29E-05,0.000423227,0.001742283,0.001724649,0.000229248,7.05E-06,0,0,0,0,9.52E-05,0.004990548,0.05154901,0.078998787,0.016237797,0.000349162,0,2.82E-05,6.00E-05,0,1.06E-05,0.004327493,0.13055485,0.417118108,0.13055485,0.004327493,1.06E-05,0,6.00E-05,2.82E-05,0,0.000349162,0.016237797,0.078998787,0.05154901,0.004990548,9.52E-05,0,0,0,0,7.05E-06,0.000229248,0.001724649,0.001742283,0.000423227,5.29E-05,0,0,0,0,0,1.06E-05,1.76E-05,1.06E-05,1.06E-05,7.05E-06,3.53E-06,0,0,0,0,0,0,0,0,0,0,0,0,0,0,0,0,0,0,0,0,0,0,0,0,0,0,0,0,0,0,,,,,,,,,,,,,,,,,,,
131,0,0,0,0,0,0,0,0,0,0,0,0,0,0,0,0,0,0,0,0,0,0,0,0,0,0,0,0,0,0,0,0,0,0,6.62E-06,3.97E-05,0,6.62E-06,0,0,0,0,1.32E-05,0.00022516,0.001211888,0.002225107,0.000708591,3.97E-05,0,0,0,6.62E-06,1.32E-05,0.000801303,0.021277582,0.084017642,0.047104712,0.003364149,2.65E-05,3.31E-05,0.000205293,0.000231782,6.62E-06,0.000384096,0.032383248,0.3056674,0.3056674,0.032383248,0.000384096,6.62E-06,0.000231782,0.000205293,3.31E-05,2.65E-05,0.003364149,0.047104712,0.084017642,0.021277582,0.000801303,1.32E-05,6.62E-06,0,0,0,3.97E-05,0.000708591,0.002225107,0.001211888,0.00022516,1.32E-05,0,0,0,0,6.62E-06,0,3.97E-05,6.62E-06,0,0,0,0,0,0,0,0,0,0,0,0,0,0,0,0,0,0,0,0,0,0,0,0,0,0,0,0,0,0,0,0,0,,,,,,,,,,,,,,,,,,
132,0,0,0,0,0,0,0,0,0,0,0,0,0,0,0,0,0,0,0,0,0,0,0,0,0,0,0,0,0,0,0,0,0,0,0,1.54E-05,3.08E-05,0,0,0,0,0,0,1.54E-05,0.000416114,0.001448695,0.001756928,0.000292821,0,1.54E-05,0,6.16E-05,0,3.08E-05,0.004561847,0.049640909,0.072912493,0.017276454,0.000231175,6.16E-05,0.00094011,0.0022501,0.000493173,3.08E-05,0.004191967,0.126329254,0.433991924,0.126329254,0.004191967,3.08E-05,0.000493173,0.0022501,0.00094011,6.16E-05,0.000231175,0.017276454,0.072912493,0.049640909,0.004561847,3.08E-05,0,6.16E-05,0,1.54E-05,0,0.000292821,0.001756928,0.001448695,0.000416114,1.54E-05,0,0,0,0,0,0,3.08E-05,1.54E-05,0,0,0,0,0,0,0,0,0,0,0,0,0,0,0,0,0,0,0,0,0,0,0,0,0,0,0,0,0,0,0,0,0,0,,,,,,,,,,,,,,,,,
133,0,0,0,0,0,0,0,0,0,0,0,0,0,0,0,0,0,0,0,0,0,0,0,0,0,0,0,0,0,0,0,0,0,0,0,0,0,0,0,0,0,0,4.55E-05,4.55E-05,0.000136488,0.00077343,0.00200182,0.000909918,4.55E-05,4.55E-05,4.55E-05,0.000500455,9.10E-05,0,0.000409463,0.016060055,0.075750682,0.04622384,0.002729754,4.55E-05,0.003457689,0.02233849,0.016014559,0.001046406,0.000181984,0.028707916,0.282393085,0.282393085,0.028707916,0.000181984,0.001046406,0.016014559,0.02233849,0.003457689,4.55E-05,0.002729754,0.04622384,0.075750682,0.016060055,0.000409463,0,9.10E-05,0.000500455,4.55E-05,4.55E-05,4.55E-05,0.000909918,0.00200182,0.00077343,0.000136488,4.55E-05,4.55E-05,0,0,0,0,0,0,0,0,0,0,0,0,0,0,0,0,0,0,0,0,0,0,0,0,0,0,0,0,0,0,0,0,0,0,0,0,0,0,0,0,0,,,,,,,,,,,,,,,,
134,0,0,0,0,0,0,0,0,0,0,0,0,0,0,0,0,0,0,0,0,0,0,0,0,0,0,0,0,0,0,0,0,0,0,0,0,0,0,0,0,0,0,0,0,0,7.26E-05,0.000363214,0.000653785,0.000290571,0,0.001089641,0.003268923,0.003050995,0.000508499,0,0.000871713,0.017797472,0.031744879,0.006973703,0,0.003922708,0.071480459,0.152113904,0.035667587,0.000726427,0.00159814,0.052593346,0.230422781,0.052593346,0.00159814,0.000726427,0.035667587,0.152113904,0.071480459,0.003922708,0,0.006973703,0.031744879,0.017797472,0.000871713,0,0.000508499,0.003050995,0.003268923,0.001089641,0,0.000290571,0.000653785,0.000363214,7.26E-05,0,0,0,0,0,0,0,0,0,0,0,0,0,0,0,0,0,0,0,0,0,0,0,0,0,0,0,0,0,0,0,0,0,0,0,0,0,0,0,0,0,0,0,0,,,,,,,,,,,,,,,
135,0,0,0,0,0,0,0,0,0,0,0,0,0,0,0,0,0,0,0,0,0,0,0,0,0,0,0,0,0,0,0,0,0,0,0,0,0,0,0,0,0,0,0.000113267,0.000113267,0,0,0,3.78E-05,0,0,0.000415314,0.004643963,0.009099147,0.004266405,0.000302046,0,0.000868383,0.003813335,0.002378615,0.000264291,0.000641849,0.038926225,0.237144152,0.164917315,0.013667598,3.78E-05,0.001774522,0.016574794,0.016574794,0.001774522,3.78E-05,0.013667598,0.164917315,0.237144152,0.038926225,0.000641849,0.000264291,0.002378615,0.003813335,0.000868383,0,0.000302046,0.004266405,0.009099147,0.004643963,0.000415314,0,0,3.78E-05,0,0,0,0.000113267,0.000113267,0,0,0,0,0,0,0,0,0,0,0,0,0,0,0,0,0,0,0,0,0,0,0,0,0,0,0,0,0,0,0,0,0,0,0,0,0,0,0,0,0,,,,,,,,,,,,,,
136,0,0,0,0,0,0,0,0,0,0,0,0,0,0,0,0,0,0,0,0,0,0,0,0,0,0,0,0,0,0,0,0,2.90E-05,0,0,0,0,0,0,0,0,1.45E-05,0.000130393,7.24E-05,2.90E-05,0,0,0,0,0,4.35E-05,0.002129756,0.010677755,0.011749877,0.00194141,4.35E-05,2.90E-05,0.000173858,0.000304251,7.24E-05,0.000115905,0.008939179,0.131407377,0.26145287,0.065298021,0.002057315,4.35E-05,0.000492597,0.005505491,0.000492597,4.35E-05,0.002057315,0.065298021,0.26145287,0.131407377,0.008939179,0.000115905,7.24E-05,0.000304251,0.000173858,2.90E-05,4.35E-05,0.00194141,0.011749877,0.010677755,0.002129756,4.35E-05,0,0,0,0,0,2.90E-05,7.24E-05,0.000130393,1.45E-05,0,0,0,0,0,0,0,0,2.90E-05,0,0,0,0,0,0,0,0,0,0,0,0,0,0,0,0,0,0,0,0,0,0,0,0,0,0,0,0,0,0,0,,,,,,,,,,,,,
137,0,0,0,0,0,0,0,0,0,0,0,0,0,0,0,0,0,0,0,0,0,0,0,0,0,0,0,0,0,0,0,0,6.93E-06,0,1.39E-05,0,0,0,0,0,0,3.47E-05,0.000124806,0.000312015,0.000110939,1.39E-05,0,0,0,0,1.39E-05,0.000513091,0.006517639,0.015787941,0.00718327,0.000533892,2.77E-05,1.39E-05,9.01E-05,2.08E-05,0,0.001317395,0.042662802,0.236930053,0.170921622,0.016294098,0.000214943,3.47E-05,0.000305081,0.000305081,3.47E-05,0.000214943,0.016294098,0.170921622,0.236930053,0.042662802,0.001317395,0,2.08E-05,9.01E-05,1.39E-05,2.77E-05,0.000533892,0.00718327,0.015787941,0.006517639,0.000513091,1.39E-05,0,0,0,0,1.39E-05,0.000110939,0.000312015,0.000124806,3.47E-05,0,0,0,0,0,0,1.39E-05,0,6.93E-06,0,0,0,0,0,0,0,0,0,0,0,0,0,0,0,0,0,0,0,0,0,0,0,0,0,0,0,0,0,0,0,,,,,,,,,,,,
138,0,0,0,0,0,0,0,0,0,0,0,0,0,0,0,0,0,0,0,0,0,0,0,4.36E-06,0,4.36E-06,0,0,0,0,0,0,0,8.73E-06,4.36E-06,8.73E-06,0,0,0,0,0,1.31E-05,0.000135261,0.000362151,0.000296702,0.000117808,0,0,0,0,0,0.000117808,0.002548149,0.014682398,0.015790668,0.003032471,0.000100355,0,4.36E-06,4.36E-06,0,0.000135261,0.009490108,0.126434424,0.257018317,0.066740551,0.002574328,4.36E-06,4.36E-05,0.000645764,4.36E-05,4.36E-06,0.002574328,0.066740551,0.257018317,0.126434424,0.009490108,0.000135261,0,4.36E-06,4.36E-06,0,0.000100355,0.003032471,0.015790668,0.014682398,0.002548149,0.000117808,0,0,0,0,0,0.000117808,0.000296702,0.000362151,0.000135261,1.31E-05,0,0,0,0,0,8.73E-06,4.36E-06,8.73E-06,0,0,0,0,0,0,0,4.36E-06,0,4.36E-06,0,0,0,0,0,0,0,0,0,0,0,0,0,0,0,0,0,0,0,0,0,0,,,,,,,,,,,
139,0,0,0,0,0,0,0,0,0,0,0,0,0,0,0,0,0,0,0,0,0,0,0,0,0,0,0,0,0,7.29E-06,0,0,7.29E-06,7.29E-06,1.09E-05,3.65E-06,0,0,0,0,0,7.29E-06,5.47E-05,0.000262492,0.000437487,0.000171349,2.19E-05,0,0,0,0,1.46E-05,0.00075831,0.008560158,0.020190015,0.009657521,0.000641647,3.65E-06,3.65E-06,3.65E-06,3.65E-06,7.29E-06,0.001177569,0.042706002,0.227106681,0.171002647,0.016817721,0.000284366,1.46E-05,5.47E-05,5.47E-05,1.46E-05,0.000284366,0.016817721,0.171002647,0.227106681,0.042706002,0.001177569,7.29E-06,3.65E-06,3.65E-06,3.65E-06,3.65E-06,0.000641647,0.009657521,0.020190015,0.008560158,0.00075831,1.46E-05,0,0,0,0,2.19E-05,0.000171349,0.000437487,0.000262492,5.47E-05,7.29E-06,0,0,0,0,0,3.65E-06,1.09E-05,7.29E-06,7.29E-06,0,0,7.29E-06,0,0,0,0,0,0,0,0,0,0,0,0,0,0,0,0,0,0,0,0,0,0,0,0,0,0,0,0,,,,,,,,,,
140,0,0,0,0,0,0,0,0,0,0,0,0,0,0,0,0,0,0,0,0,0,0,0,0,0,0,0,0,0,0,0,4.05E-06,1.21E-05,8.09E-06,1.21E-05,4.05E-06,0,0,0,0,0,0,3.24E-05,0.000234725,0.000590859,0.000420886,5.67E-05,0,0,0,0,0,0.00013355,0.003176877,0.017163231,0.018486592,0.003318521,0.00013355,1.21E-05,0,0,4.05E-06,6.88E-05,0.009304001,0.12442027,0.250544318,0.069154748,0.002258213,1.21E-05,6.88E-05,0.000728456,6.88E-05,1.21E-05,0.002258213,0.069154748,0.250544318,0.12442027,0.009304001,6.88E-05,4.05E-06,0,0,1.21E-05,0.00013355,0.003318521,0.018486592,0.017163231,0.003176877,0.00013355,0,0,0,0,0,5.67E-05,0.000420886,0.000590859,0.000234725,3.24E-05,0,0,0,0,0,0,4.05E-06,1.21E-05,8.09E-06,1.21E-05,4.05E-06,0,0,0,0,0,0,0,0,0,0,0,0,0,0,0,0,0,0,0,0,0,0,0,0,0,0,0,0,0,0,,,,,,,,,
141,0,0,0,0,0,0,0,0,0,0,0,0,0,0,0,0,0,0,0,0,0,0,0,0,0,0,0,0,0,0,0,0,0,6.00E-06,1.20E-05,6.00E-06,1.20E-05,0,0,0,0,0,6.00E-06,0.000156074,0.00040219,0.000594281,0.000186088,1.20E-05,0,0,0,0,1.20E-05,0.000690326,0.008818162,0.022270512,0.011087233,0.000744351,2.40E-05,6.00E-06,4.20E-05,1.80E-05,2.40E-05,0.001386655,0.041119408,0.225646505,0.169550028,0.016615843,0.000204096,4.80E-05,0.000300142,0.000300142,4.80E-05,0.000204096,0.016615843,0.169550028,0.225646505,0.041119408,0.001386655,2.40E-05,1.80E-05,4.20E-05,6.00E-06,2.40E-05,0.000744351,0.011087233,0.022270512,0.008818162,0.000690326,1.20E-05,0,0,0,0,1.20E-05,0.000186088,0.000594281,0.00040219,0.000156074,6.00E-06,0,0,0,0,0,1.20E-05,6.00E-06,1.20E-05,6.00E-06,0,0,0,0,0,0,0,0,0,0,0,0,0,0,0,0,0,0,0,0,0,0,0,0,0,0,0,0,0,0,0,0,,,,,,,,
142,0,0,0,0,0,0,0,0,0,0,0,0,0,0,0,0,0,0,0,0,0,0,0,0,0,0,0,0,0,0,0,0,0,1.14E-05,3.43E-05,8.01E-05,2.29E-05,0,0,0,0,0,0,4.57E-05,0.000263038,0.000514639,0.00032022,1.14E-05,0,0,1.14E-05,0,0,0.000125801,0.002962031,0.017040256,0.019327539,0.004105672,0.000217292,5.72E-05,0.000205855,0.000182983,2.29E-05,5.72E-05,0.008840348,0.122998628,0.24866194,0.067875114,0.002333028,3.43E-05,0.000880604,0.005512351,0.000880604,3.43E-05,0.002333028,0.067875114,0.24866194,0.122998628,0.008840348,5.72E-05,2.29E-05,0.000182983,0.000205855,5.72E-05,0.000217292,0.004105672,0.019327539,0.017040256,0.002962031,0.000125801,0,0,1.14E-05,0,0,1.14E-05,0.00032022,0.000514639,0.000263038,4.57E-05,0,0,0,0,0,0,2.29E-05,8.01E-05,3.43E-05,1.14E-05,0,0,0,0,0,0,0,0,0,0,0,0,0,0,0,0,0,0,0,0,0,0,0,0,0,0,0,0,0,0,0,0,,,,,,,
143,0,0,0,0,0,0,0,0,0,0,0,0,0,0,0,0,0,0,0,0,0,0,0,0,0,0,0,0,0,0,0,0,0,0,0,0,0,2.66E-05,0,0,0,0,0,2.66E-05,0.000133149,0.000399446,0.000585854,0.000186408,2.66E-05,0,2.66E-05,2.66E-05,0,0,0.000585854,0.007775884,0.019413081,0.010678526,0.000825522,2.66E-05,0.000745633,0.002236898,0.001118449,0.000106519,0.001145079,0.038346826,0.218310609,0.166142948,0.01637729,0.000159778,0.001438006,0.013128462,0.013128462,0.001438006,0.000159778,0.01637729,0.166142948,0.218310609,0.038346826,0.001145079,0.000106519,0.001118449,0.002236898,0.000745633,2.66E-05,0.000825522,0.010678526,0.019413081,0.007775884,0.000585854,0,0,2.66E-05,2.66E-05,0,2.66E-05,0.000186408,0.000585854,0.000399446,0.000133149,2.66E-05,0,0,0,0,0,2.66E-05,0,0,0,0,0,0,0,0,0,0,0,0,0,0,0,0,0,0,0,0,0,0,0,0,0,0,0,0,0,0,0,0,0,0,0,0,,,,,,
144,0,0,0,0,0,0,0,0,0,0,0,0,0,0,0,0,0,0,0,0,0,0,0,0,0,0,0,0,0,0,0,0,0,0,0,0,0,5.52E-05,0,0,0,0,0,0,0,0.000165709,0.000276182,0.000165709,0,0,5.52E-05,0.000552364,0,0,5.52E-05,0.001933274,0.008727353,0.011157755,0.003258948,5.52E-05,0.001215201,0.013256739,0.016570924,0.00353513,5.52E-05,0.005136986,0.086831639,0.179352629,0.051314627,0.001491383,0.000883783,0.035461776,0.15687141,0.035461776,0.000883783,0.001491383,0.051314627,0.179352629,0.086831639,0.005136986,5.52E-05,0.00353513,0.016570924,0.013256739,0.001215201,5.52E-05,0.003258948,0.011157755,0.008727353,0.001933274,5.52E-05,0,0,0.000552364,5.52E-05,0,0,0.000165709,0.000276182,0.000165709,0,0,0,0,0,0,0,5.52E-05,0,0,0,0,0,0,0,0,0,0,0,0,0,0,0,0,0,0,0,0,0,0,0,0,0,0,0,0,0,0,0,0,0,0,0,0,,,,,
145,0,0,0,0,0,0,0,0,0,0,0,0,0,0,0,5.57E-05,0,0,0,0,0,0,0,0,0,0,0,0,0,0,0,0,0,0,0,0,0,0,0,0,0,0,0,0,0,0,5.57E-05,0,5.57E-05,0,5.57E-05,0.001114082,0.000891266,0.000668449,0,0.000222816,0.001559715,0.003843583,0.001504011,0.000334225,0.000891266,0.017491087,0.056595365,0.030414439,0.002283868,0.000167112,0.009692513,0.051526292,0.041332442,0.003509358,0.000612745,0.03002451,0.245098039,0.245098039,0.03002451,0.000612745,0.003509358,0.041332442,0.051526292,0.009692513,0.000167112,0.002283868,0.030414439,0.056595365,0.017491087,0.000891266,0.000334225,0.001504011,0.003843583,0.001559715,0.000222816,0,0.000668449,0.000891266,0.001114082,5.57E-05,0,5.57E-05,0,5.57E-05,0,0,0,0,0,0,0,0,0,0,0,0,0,0,0,0,0,0,0,0,0,0,0,0,0,0,0,0,0,0,5.57E-05,0,0,0,0,0,0,0,0,0,0,0,0,0,0,,,,
146,0,0,0,0,0,0,0,0,0,0,0,0,0,0,0,0,0,0,0,0,0,0,0,0,0,0,0,0,0,0,0,0,0,0,0,0,0,0,0,0,0,0,2.50E-05,2.50E-05,0,0,0,0,0,0,0,0.000624469,0.002048259,0.001523705,0.000374682,0,2.50E-05,0.00019983,0.00039966,9.99E-05,0.000174851,0.005919968,0.053404606,0.068416846,0.014612579,0.000274766,0.000174851,0.003397112,0.007643503,0.003147325,5.00E-05,0.00749363,0.12651746,0.406854174,0.12651746,0.00749363,5.00E-05,0.003147325,0.007643503,0.003397112,0.000174851,0.000274766,0.014612579,0.068416846,0.053404606,0.005919968,0.000174851,9.99E-05,0.00039966,0.00019983,2.50E-05,0,0.000374682,0.001523705,0.002048259,0.000624469,0,0,0,0,0,0,0,2.50E-05,2.50E-05,0,0,0,0,0,0,0,0,0,0,0,0,0,0,0,0,0,0,0,0,0,0,0,0,0,0,0,0,0,0,0,0,0,0,0,0,0,0,0,0,0,,,
147,0,0,0,0,0,0,0,0,0,0,0,0,0,0,0,0,0,0,0,0,0,0,0,0,0,0,0,0,0,0,0,0,0,0,0,0,0,0,0,1.27E-05,0,3.81E-05,3.81E-05,5.08E-05,5.08E-05,1.27E-05,0,0,0,0,0,0.000317323,0.001802396,0.003795187,0.001218522,0.000139622,0,0,7.62E-05,2.54E-05,1.27E-05,0.001345451,0.026261677,0.088850528,0.047205016,0.004594842,7.62E-05,0.000203087,0.001396223,0.001129671,0.000101543,0.000964663,0.040300061,0.279980707,0.279980707,0.040300061,0.000964663,0.000101543,0.001129671,0.001396223,0.000203087,7.62E-05,0.004594842,0.047205016,0.088850528,0.026261677,0.001345451,1.27E-05,2.54E-05,7.62E-05,0,0,0.000139622,0.001218522,0.003795187,0.001802396,0.000317323,0,0,0,0,0,1.27E-05,5.08E-05,5.08E-05,3.81E-05,3.81E-05,0,1.27E-05,0,0,0,0,0,0,0,0,0,0,0,0,0,0,0,0,0,0,0,0,0,0,0,0,0,0,0,0,0,0,0,0,0,0,0,0,0,0,,
148,0,0,0,0,0,0,0,0,0,0,0,0,0,0,0,0,0,0,0,0,0,0,0,0,0,0,0,0,0,0,0,0,0,7.10E-06,1.42E-05,1.42E-05,0,0,0,0,0,1.42E-05,4.97E-05,9.23E-05,0.000177428,2.84E-05,0,0,0,0,0,0.000120651,0.000986501,0.00381116,0.003200806,0.000539382,1.42E-05,0,7.10E-06,7.10E-06,7.10E-06,0.00014904,0.007863622,0.061134689,0.082426083,0.019573888,0.000844559,0,0.000113554,0.000369051,0.000134845,7.10E-05,0.007451988,0.127187691,0.367177187,0.127187691,0.007451988,7.10E-05,0.000134845,0.000369051,0.000113554,0,0.000844559,0.019573888,0.082426083,0.061134689,0.007863622,0.00014904,7.10E-06,7.10E-06,7.10E-06,0,1.42E-05,0.000539382,0.003200806,0.00381116,0.000986501,0.000120651,0,0,0,0,0,2.84E-05,0.000177428,9.23E-05,4.97E-05,1.42E-05,0,0,0,0,0,1.42E-05,1.42E-05,7.10E-06,0,0,0,0,0,0,0,0,0,0,0,0,0,0,0,0,0,0,0,0,0,0,0,0,0,0,0,0,0,0,0,0,
149,0,0,0,0,0,0,0,0,0,0,0,0,0,0,0,0,5.44E-06,0,0,0,0,0,0,0,0,5.44E-06,0,0,0,5.44E-06,0,0,5.44E-06,0,1.09E-05,5.44E-06,5.44E-06,0,0,0,5.44E-06,5.44E-06,5.44E-05,0.000103305,0.000179424,3.81E-05,0,0,0,0,0,2.17E-05,0.000445841,0.002810974,0.00504018,0.002038908,0.000157676,5.44E-06,0,5.44E-06,0,1.09E-05,0.001728994,0.029175411,0.092446798,0.054669914,0.005556703,9.79E-05,1.63E-05,0.000157676,0.000135927,5.44E-06,0.000891682,0.040071335,0.264079338,0.264079338,0.040071335,0.000891682,5.44E-06,0.000135927,0.000157676,1.63E-05,9.79E-05,0.005556703,0.054669914,0.092446798,0.029175411,0.001728994,1.09E-05,0,5.44E-06,0,5.44E-06,0.000157676,0.002038908,0.00504018,0.002810974,0.000445841,2.17E-05,0,0,0,0,0,3.81E-05,0.000179424,0.000103305,5.44E-05,5.44E-06,5.44E-06,0,0,0,5.44E-06,5.44E-06,1.09E-05,0,5.44E-06,0,0,5.44E-06,0,0,0,5.44E-06,0,0,0,0,0,0,0,0,5.44E-06,0,0,0,0,0,0,0,0,0,0,0,0,0,0,0
